heatName,heatTime,heatDay
08:00,2025-05-11,1600-02
08:00,2025-05-13,1430-04
08:00,2025-05-15,1600-06
08:00,2025-05-19,1100-10
08:00,2025-05-20,0800-11
08:00,2025-05-21,1300-12
08:00,2025-05-22,1300-13
08:00,2025-05-23,1300-14
08:00,2025-05-24,1300-15
08:00,2025-05-26,0930-17
08:00,2025-05-28,1300-19
08:00,2025-05-29,0930-20
08:00,2025-06-02,1600-24
08:00,2025-06-04,0800-26
08:00,2025-06-05,1600-27
08:00,2025-06-08,1300-30
08:00,2025-06-11,1300-33
08:00,2025-06-15,1100-37
08:00,2025-06-16,1430-38
08:00,2025-06-18,1430-40
08:00,2025-06-20,0800-42
08:00,2025-06-21,1300-43
08:00,2025-06-24,1600-46
08:00,2025-06-26,1300-48
08:00,2025-06-27,1300-49
08:00,2025-06-28,1300-50
08:00,2025-07-03,1100-55
08:00,2025-07-05,1300-57
08:00,2025-07-13,1430-65
08:00,2025-07-14,1300-66
08:00,2025-07-16,1600-68
08:00,2025-07-18,1100-70
08:00,2025-07-22,0930-74
08:00,2025-07-23,0800-75
08:00,2025-07-24,1300-76
08:00,2025-07-26,1100-78
08:00,2025-07-30,1300-82
08:00,2025-07-31,1100-83
08:00,2025-08-02,1430-85
08:00,2025-08-04,1100-87
08:00,2025-08-06,1600-89
08:00,2025-08-07,1300-90
08:00,2025-08-08,1430-91
08:00,2025-08-09,1600-92
08:00,2025-08-10,1430-93
08:00,2025-08-11,0930-94
08:00,2025-08-15,1430-98
08:00,2025-08-19,0930-102
08:00,2025-08-20,0800-103
08:00,2025-08-23,1300-106
08:00,2025-08-24,1430-107
08:00,2025-08-25,1430-108
08:00,2025-08-27,0800-110
08:00,2025-08-29,0930-112
08:00,2025-09-02,0930-116
08:00,2025-09-04,1100-118
08:00,2025-09-06,1300-120
08:00,2025-09-10,0800-124
08:00,2025-09-11,1300-125
08:00,2025-09-21,1100-135
08:00,2025-09-22,1600-136
08:00,2025-09-25,1430-139
08:00,2025-09-27,1600-141
08:00,2025-09-28,0930-142
08:00,2025-09-30,1600-144
08:00,2025-10-01,1300-145
08:00,2025-10-03,1100-147
08:00,2025-10-04,1100-148
08:00,2025-10-06,1300-150
08:00,2025-10-07,1300-151
08:00,2025-10-10,0930-154
08:00,2025-10-11,0930-155
08:00,2025-10-14,1600-158
08:00,2025-10-15,1100-159
08:00,2025-10-16,0930-160
08:00,2025-10-18,1300-162
08:00,2025-10-19,1430-163
08:00,2025-10-20,1100-164
08:00,2025-10-21,1600-165
08:00,2025-10-23,1430-167
08:00,2025-10-26,1300-170
08:00,2025-10-27,0930-171
08:00,2025-10-28,1100-172
08:00,2025-11-01,1600-176
08:00,2025-11-04,1600-179
08:00,2025-11-06,1600-181
08:00,2025-11-07,1100-182
08:00,2025-11-08,1600-183
08:00,2025-11-10,0800-185
08:00,2025-11-13,1300-188
08:00,2025-11-14,1300-189
08:00,2025-11-15,1300-190
08:00,2025-11-16,1100-191
08:00,2025-11-18,1600-193
08:00,2025-11-21,1300-196
08:00,2025-11-23,0930-198
08:00,2025-11-24,0930-199
08:00,2025-11-25,1300-200
08:00,2025-11-26,1100-201
08:00,2025-12-08,0800-213
08:00,2025-12-10,1300-215
08:00,2025-12-14,1430-219
08:00,2025-12-15,1100-220
08:00,2025-12-17,1430-222
08:00,2025-12-18,0930-223
08:00,2025-12-19,1100-224
08:00,2025-12-21,1100-226
08:00,2025-12-23,1600-228
08:00,2025-12-25,1600-230
08:00,2025-12-27,0800-232
08:00,2025-12-28,0930-233
08:00,2025-12-31,1600-236
08:00,2026-01-02,1300-238
08:00,2026-01-03,0930-239
08:00,2026-01-07,1300-243
08:00,2026-01-08,1430-244
08:00,2026-01-09,1600-245
08:00,2026-01-13,1600-249
08:00,2026-01-14,0800-250
08:00,2026-01-16,1300-252
08:00,2026-01-17,1100-253
08:00,2026-01-19,1100-255
08:00,2026-01-21,1100-257
08:00,2026-01-30,1430-266
08:00,2026-02-04,0800-271
09:30,2025-05-10,1100-01
09:30,2025-05-11,1600-02
09:30,2025-05-12,1600-03
09:30,2025-05-14,0930-05
09:30,2025-05-19,1100-10
09:30,2025-05-21,1300-12
09:30,2025-05-22,1300-13
09:30,2025-05-27,1300-18
09:30,2025-05-29,0930-20
09:30,2025-05-31,1300-22
09:30,2025-06-04,0800-26
09:30,2025-06-05,1600-27
09:30,2025-06-10,1300-32
09:30,2025-06-12,0930-34
09:30,2025-06-14,1600-36
09:30,2025-06-15,1100-37
09:30,2025-06-16,1430-38
09:30,2025-06-17,0930-39
09:30,2025-06-18,1430-40
09:30,2025-06-20,0800-42
09:30,2025-06-21,1300-43
09:30,2025-06-22,0800-44
09:30,2025-06-25,1100-47
09:30,2025-06-27,1300-49
09:30,2025-06-29,0800-51
09:30,2025-06-30,1300-52
09:30,2025-07-03,1100-55
09:30,2025-07-04,1300-56
09:30,2025-07-05,1300-57
09:30,2025-07-06,1600-58
09:30,2025-07-10,1300-62
09:30,2025-07-11,0930-63
09:30,2025-07-13,1430-65
09:30,2025-07-14,1300-66
09:30,2025-07-21,1300-73
09:30,2025-07-23,0800-75
09:30,2025-07-25,1600-77
09:30,2025-07-27,1100-79
09:30,2025-07-28,1430-80
09:30,2025-07-29,0930-81
09:30,2025-07-30,1300-82
09:30,2025-08-01,1300-84
09:30,2025-08-03,1600-86
09:30,2025-08-05,0930-88
09:30,2025-08-06,1600-89
09:30,2025-08-14,1430-97
09:30,2025-08-15,1430-98
09:30,2025-08-16,0930-99
09:30,2025-08-21,0930-104
09:30,2025-08-25,1430-108
09:30,2025-08-26,1600-109
09:30,2025-08-28,1300-111
09:30,2025-08-29,0930-112
09:30,2025-08-30,1300-113
09:30,2025-08-31,0800-114
09:30,2025-09-01,1300-115
09:30,2025-09-02,0930-116
09:30,2025-09-04,1100-118
09:30,2025-09-07,1430-121
09:30,2025-09-08,1300-122
09:30,2025-09-11,1300-125
09:30,2025-09-13,1100-127
09:30,2025-09-14,1430-128
09:30,2025-09-15,1600-129
09:30,2025-09-16,0930-130
09:30,2025-09-20,1300-134
09:30,2025-09-22,1600-136
09:30,2025-09-29,1600-143
09:30,2025-09-30,1600-144
09:30,2025-10-02,1600-146
09:30,2025-10-08,1600-152
09:30,2025-10-09,1600-153
09:30,2025-10-11,0930-155
09:30,2025-10-12,0800-156
09:30,2025-10-14,1600-158
09:30,2025-10-15,1100-159
09:30,2025-10-16,0930-160
09:30,2025-10-18,1300-162
09:30,2025-10-19,1430-163
09:30,2025-10-20,1100-164
09:30,2025-10-28,1100-172
09:30,2025-10-29,0930-173
09:30,2025-11-02,0930-177
09:30,2025-11-04,1600-179
09:30,2025-11-05,1430-180
09:30,2025-11-08,1600-183
09:30,2025-11-12,0930-187
09:30,2025-11-13,1300-188
09:30,2025-11-17,1100-192
09:30,2025-11-19,0930-194
09:30,2025-11-21,1300-196
09:30,2025-11-26,1100-201
09:30,2025-11-27,1430-202
09:30,2025-11-30,1430-205
09:30,2025-12-01,1600-206
09:30,2025-12-03,0930-208
09:30,2025-12-06,1100-211
09:30,2025-12-07,0800-212
09:30,2025-12-09,1100-214
09:30,2025-12-11,1600-216
09:30,2025-12-16,1600-221
09:30,2025-12-17,1430-222
09:30,2025-12-19,1100-224
09:30,2025-12-20,1100-225
09:30,2025-12-22,1100-227
09:30,2025-12-23,1600-228
09:30,2025-12-27,0800-232
09:30,2025-12-30,1300-235
09:30,2026-01-01,1430-237
09:30,2026-01-04,1100-240
09:30,2026-01-05,0930-241
09:30,2026-01-06,1600-242
09:30,2026-01-09,1600-245
09:30,2026-01-10,1100-246
09:30,2026-01-13,1600-249
09:30,2026-01-17,1100-253
09:30,2026-01-22,0800-258
09:30,2026-01-29,1430-265
11:00,2025-05-10,1100-01
11:00,2025-05-15,1600-06
11:00,2025-05-16,0800-07
11:00,2025-05-17,0930-08
11:00,2025-05-18,1100-09
11:00,2025-05-20,0800-11
11:00,2025-05-22,1300-13
11:00,2025-05-23,1300-14
11:00,2025-05-25,0930-16
11:00,2025-05-29,0930-20
11:00,2025-05-30,1600-21
11:00,2025-06-01,0930-23
11:00,2025-06-02,1600-24
11:00,2025-06-06,1100-28
11:00,2025-06-08,1300-30
11:00,2025-06-14,1600-36
11:00,2025-06-17,0930-39
11:00,2025-06-18,1430-40
11:00,2025-06-19,0800-41
11:00,2025-06-23,1300-45
11:00,2025-06-27,1300-49
11:00,2025-06-29,0800-51
11:00,2025-07-01,1300-53
11:00,2025-07-08,0800-60
11:00,2025-07-10,1300-62
11:00,2025-07-11,0930-63
11:00,2025-07-12,1100-64
11:00,2025-07-14,1300-66
11:00,2025-07-16,1600-68
11:00,2025-07-17,1600-69
11:00,2025-07-18,1100-70
11:00,2025-07-20,1100-72
11:00,2025-07-22,0930-74
11:00,2025-07-23,0800-75
11:00,2025-07-24,1300-76
11:00,2025-07-26,1100-78
11:00,2025-07-27,1100-79
11:00,2025-07-29,0930-81
11:00,2025-07-31,1100-83
11:00,2025-08-01,1300-84
11:00,2025-08-04,1100-87
11:00,2025-08-06,1600-89
11:00,2025-08-07,1300-90
11:00,2025-08-10,1430-93
11:00,2025-08-14,1430-97
11:00,2025-08-15,1430-98
11:00,2025-08-16,0930-99
11:00,2025-08-19,0930-102
11:00,2025-08-20,0800-103
11:00,2025-08-21,0930-104
11:00,2025-08-22,0800-105
11:00,2025-08-26,1600-109
11:00,2025-08-27,0800-110
11:00,2025-08-29,0930-112
11:00,2025-08-30,1300-113
11:00,2025-09-01,1300-115
11:00,2025-09-02,0930-116
11:00,2025-09-07,1430-121
11:00,2025-09-11,1300-125
11:00,2025-09-12,1300-126
11:00,2025-09-13,1100-127
11:00,2025-09-15,1600-129
11:00,2025-09-19,1600-133
11:00,2025-09-21,1100-135
11:00,2025-09-23,0800-137
11:00,2025-09-25,1430-139
11:00,2025-10-03,1100-147
11:00,2025-10-04,1100-148
11:00,2025-10-05,1300-149
11:00,2025-10-06,1300-150
11:00,2025-10-08,1600-152
11:00,2025-10-09,1600-153
11:00,2025-10-12,0800-156
11:00,2025-10-16,0930-160
11:00,2025-10-17,1300-161
11:00,2025-10-21,1600-165
11:00,2025-10-22,0930-166
11:00,2025-10-23,1430-167
11:00,2025-10-25,0800-169
11:00,2025-10-28,1100-172
11:00,2025-10-31,1430-175
11:00,2025-11-01,1600-176
11:00,2025-11-03,1430-178
11:00,2025-11-04,1600-179
11:00,2025-11-08,1600-183
11:00,2025-11-10,0800-185
11:00,2025-11-11,0930-186
11:00,2025-11-15,1300-190
11:00,2025-11-17,1100-192
11:00,2025-11-20,1300-195
11:00,2025-11-22,1100-197
11:00,2025-11-23,0930-198
11:00,2025-11-25,1300-200
11:00,2025-12-02,1300-207
11:00,2025-12-04,0800-209
11:00,2025-12-05,1430-210
11:00,2025-12-07,0800-212
11:00,2025-12-08,0800-213
11:00,2025-12-09,1100-214
11:00,2025-12-12,1300-217
11:00,2025-12-13,1430-218
11:00,2025-12-14,1430-219
11:00,2025-12-17,1430-222
11:00,2025-12-23,1600-228
11:00,2025-12-24,0930-229
11:00,2025-12-25,1600-230
11:00,2025-12-26,1430-231
11:00,2025-12-29,0930-234
11:00,2025-12-30,1300-235
11:00,2026-01-06,1600-242
11:00,2026-01-07,1300-243
11:00,2026-01-10,1100-246
11:00,2026-01-13,1600-249
11:00,2026-01-23,0800-259
11:00,2026-01-24,1600-260
11:00,2026-01-31,0930-267
13:00,2025-05-10,1100-01
13:00,2025-05-11,1600-02
13:00,2025-05-12,1600-03
13:00,2025-05-13,1430-04
13:00,2025-05-14,0930-05
13:00,2025-05-15,1600-06
13:00,2025-05-16,0800-07
13:00,2025-05-17,0930-08
13:00,2025-05-18,1100-09
13:00,2025-05-20,0800-11
13:00,2025-05-21,1300-12
13:00,2025-05-22,1300-13
13:00,2025-05-23,1300-14
13:00,2025-05-24,1300-15
13:00,2025-05-25,0930-16
13:00,2025-05-26,0930-17
13:00,2025-05-27,1300-18
13:00,2025-05-28,1300-19
13:00,2025-05-29,0930-20
13:00,2025-05-30,1600-21
13:00,2025-05-31,1300-22
13:00,2025-06-01,0930-23
13:00,2025-06-02,1600-24
13:00,2025-06-03,1430-25
13:00,2025-06-04,0800-26
13:00,2025-06-05,1600-27
13:00,2025-06-06,1100-28
13:00,2025-06-07,0930-29
13:00,2025-06-08,1300-30
13:00,2025-06-09,0800-31
13:00,2025-06-10,1300-32
13:00,2025-06-11,1300-33
13:00,2025-06-12,0930-34
13:00,2025-06-13,1430-35
13:00,2025-06-15,1100-37
13:00,2025-06-16,1430-38
13:00,2025-06-17,0930-39
13:00,2025-06-18,1430-40
13:00,2025-06-19,0800-41
13:00,2025-06-20,0800-42
13:00,2025-06-21,1300-43
13:00,2025-06-22,0800-44
13:00,2025-06-23,1300-45
13:00,2025-06-24,1600-46
13:00,2025-06-25,1100-47
13:00,2025-06-26,1300-48
13:00,2025-06-27,1300-49
13:00,2025-06-28,1300-50
13:00,2025-06-29,0800-51
13:00,2025-06-30,1300-52
13:00,2025-07-01,1300-53
13:00,2025-07-02,0930-54
13:00,2025-07-03,1100-55
13:00,2025-07-04,1300-56
13:00,2025-07-05,1300-57
13:00,2025-07-06,1600-58
13:00,2025-07-07,0800-59
13:00,2025-07-08,0800-60
13:00,2025-07-09,0930-61
13:00,2025-07-10,1300-62
13:00,2025-07-11,0930-63
13:00,2025-07-12,1100-64
13:00,2025-07-13,1430-65
13:00,2025-07-14,1300-66
13:00,2025-07-15,1300-67
13:00,2025-07-16,1600-68
13:00,2025-07-17,1600-69
13:00,2025-07-18,1100-70
13:00,2025-07-19,1100-71
13:00,2025-07-20,1100-72
13:00,2025-07-21,1300-73
13:00,2025-07-22,0930-74
13:00,2025-07-23,0800-75
13:00,2025-07-24,1300-76
13:00,2025-07-25,1600-77
13:00,2025-07-26,1100-78
13:00,2025-07-27,1100-79
13:00,2025-07-28,1430-80
13:00,2025-07-29,0930-81
13:00,2025-07-30,1300-82
13:00,2025-07-31,1100-83
13:00,2025-08-01,1300-84
13:00,2025-08-02,1430-85
13:00,2025-08-03,1600-86
13:00,2025-08-04,1100-87
13:00,2025-08-05,0930-88
13:00,2025-08-06,1600-89
13:00,2025-08-07,1300-90
13:00,2025-08-08,1430-91
13:00,2025-08-09,1600-92
13:00,2025-08-10,1430-93
13:00,2025-08-11,0930-94
13:00,2025-08-12,1600-95
13:00,2025-08-13,1430-96
13:00,2025-08-14,1430-97
13:00,2025-08-15,1430-98
13:00,2025-08-16,0930-99
13:00,2025-08-17,1600-100
13:00,2025-08-18,1430-101
13:00,2025-08-19,0930-102
13:00,2025-08-20,0800-103
13:00,2025-08-21,0930-104
13:00,2025-08-22,0800-105
13:00,2025-08-23,1300-106
13:00,2025-08-24,1430-107
13:00,2025-08-25,1430-108
13:00,2025-08-26,1600-109
13:00,2025-08-27,0800-110
13:00,2025-08-28,1300-111
13:00,2025-08-29,0930-112
13:00,2025-08-30,1300-113
13:00,2025-08-31,0800-114
13:00,2025-09-01,1300-115
13:00,2025-09-02,0930-116
13:00,2025-09-03,0930-117
13:00,2025-09-04,1100-118
13:00,2025-09-05,1100-119
13:00,2025-09-06,1300-120
13:00,2025-09-07,1430-121
13:00,2025-09-08,1300-122
13:00,2025-09-09,1100-123
13:00,2025-09-10,0800-124
13:00,2025-09-11,1300-125
13:00,2025-09-12,1300-126
13:00,2025-09-13,1100-127
13:00,2025-09-14,1430-128
13:00,2025-09-15,1600-129
13:00,2025-09-16,0930-130
13:00,2025-09-17,1430-131
13:00,2025-09-18,1300-132
13:00,2025-09-19,1600-133
13:00,2025-09-20,1300-134
13:00,2025-09-21,1100-135
13:00,2025-09-22,1600-136
13:00,2025-09-23,0800-137
13:00,2025-09-24,1600-138
13:00,2025-09-25,1430-139
13:00,2025-09-26,1100-140
13:00,2025-09-27,1600-141
13:00,2025-09-28,0930-142
13:00,2025-09-29,1600-143
13:00,2025-09-30,1600-144
13:00,2025-10-01,1300-145
13:00,2025-10-02,1600-146
13:00,2025-10-03,1100-147
13:00,2025-10-04,1100-148
13:00,2025-10-05,1300-149
13:00,2025-10-06,1300-150
13:00,2025-10-07,1300-151
13:00,2025-10-09,1600-153
13:00,2025-10-10,0930-154
13:00,2025-10-11,0930-155
13:00,2025-10-12,0800-156
13:00,2025-10-13,0800-157
13:00,2025-10-14,1600-158
13:00,2025-10-15,1100-159
13:00,2025-10-16,0930-160
13:00,2025-10-17,1300-161
13:00,2025-10-18,1300-162
13:00,2025-10-19,1430-163
13:00,2025-10-20,1100-164
13:00,2025-10-21,1600-165
13:00,2025-10-22,0930-166
13:00,2025-10-23,1430-167
13:00,2025-10-24,1300-168
13:00,2025-10-25,0800-169
13:00,2025-10-26,1300-170
13:00,2025-10-27,0930-171
13:00,2025-10-29,0930-173
13:00,2025-10-30,1100-174
13:00,2025-10-31,1430-175
13:00,2025-11-01,1600-176
13:00,2025-11-02,0930-177
13:00,2025-11-03,1430-178
13:00,2025-11-05,1430-180
13:00,2025-11-06,1600-181
13:00,2025-11-07,1100-182
13:00,2025-11-08,1600-183
13:00,2025-11-09,1300-184
13:00,2025-11-10,0800-185
13:00,2025-11-11,0930-186
13:00,2025-11-12,0930-187
13:00,2025-11-13,1300-188
13:00,2025-11-14,1300-189
13:00,2025-11-15,1300-190
13:00,2025-11-16,1100-191
13:00,2025-11-17,1100-192
13:00,2025-11-18,1600-193
13:00,2025-11-19,0930-194
13:00,2025-11-20,1300-195
13:00,2025-11-21,1300-196
13:00,2025-11-22,1100-197
13:00,2025-11-23,0930-198
13:00,2025-11-24,0930-199
13:00,2025-11-25,1300-200
13:00,2025-11-26,1100-201
13:00,2025-11-27,1430-202
13:00,2025-11-28,0800-203
13:00,2025-11-29,1300-204
13:00,2025-11-30,1430-205
13:00,2025-12-01,1600-206
13:00,2025-12-02,1300-207
13:00,2025-12-03,0930-208
13:00,2025-12-04,0800-209
13:00,2025-12-05,1430-210
13:00,2025-12-06,1100-211
13:00,2025-12-07,0800-212
13:00,2025-12-08,0800-213
13:00,2025-12-09,1100-214
13:00,2025-12-10,1300-215
13:00,2025-12-11,1600-216
13:00,2025-12-12,1300-217
13:00,2025-12-13,1430-218
13:00,2025-12-14,1430-219
13:00,2025-12-15,1100-220
13:00,2025-12-16,1600-221
13:00,2025-12-18,0930-223
13:00,2025-12-19,1100-224
13:00,2025-12-21,1100-226
13:00,2025-12-22,1100-227
13:00,2025-12-23,1600-228
13:00,2025-12-24,0930-229
13:00,2025-12-25,1600-230
13:00,2025-12-26,1430-231
13:00,2025-12-27,0800-232
13:00,2025-12-28,0930-233
13:00,2025-12-29,0930-234
13:00,2025-12-30,1300-235
13:00,2026-01-01,1430-237
13:00,2026-01-02,1300-238
13:00,2026-01-03,0930-239
13:00,2026-01-04,1100-240
13:00,2026-01-05,0930-241
13:00,2026-01-07,1300-243
13:00,2026-01-08,1430-244
13:00,2026-01-09,1600-245
13:00,2026-01-10,1100-246
13:00,2026-01-11,0930-247
13:00,2026-01-12,0930-248
13:00,2026-01-15,1430-251
13:00,2026-01-16,1300-252
13:00,2026-01-18,0930-254
13:00,2026-01-20,1430-256
13:00,2026-01-21,1100-257
13:00,2026-01-22,0800-258
13:00,2026-01-24,1600-260
13:00,2026-01-25,1300-261
13:00,2026-01-26,1300-262
13:00,2026-01-27,1600-263
13:00,2026-01-28,1430-264
13:00,2026-01-29,1430-265
13:00,2026-02-01,1300-268
13:00,2026-02-02,1600-269
13:00,2026-02-03,1300-270
16:00,2025-05-10,1100-01
16:00,2025-05-11,1600-02
16:00,2025-05-12,1600-03
16:00,2025-05-13,1430-04
16:00,2025-05-15,1600-06
16:00,2025-05-16,0800-07
16:00,2025-05-17,0930-08
16:00,2025-05-18,1100-09
16:00,2025-05-19,1100-10
16:00,2025-05-20,0800-11
16:00,2025-05-21,1300-12
16:00,2025-05-23,1300-14
16:00,2025-05-24,1300-15
16:00,2025-05-26,0930-17
16:00,2025-05-27,1300-18
16:00,2025-05-28,1300-19
16:00,2025-05-30,1600-21
16:00,2025-05-31,1300-22
16:00,2025-06-01,0930-23
16:00,2025-06-03,1430-25
16:00,2025-06-04,0800-26
16:00,2025-06-05,1600-27
16:00,2025-06-06,1100-28
16:00,2025-06-07,0930-29
16:00,2025-06-08,1300-30
16:00,2025-06-09,0800-31
16:00,2025-06-10,1300-32
16:00,2025-06-11,1300-33
16:00,2025-06-12,0930-34
16:00,2025-06-13,1430-35
16:00,2025-06-14,1600-36
16:00,2025-06-15,1100-37
16:00,2025-06-16,1430-38
16:00,2025-06-17,0930-39
16:00,2025-06-18,1430-40
16:00,2025-06-19,0800-41
16:00,2025-06-20,0800-42
16:00,2025-06-21,1300-43
16:00,2025-06-22,0800-44
16:00,2025-06-23,1300-45
16:00,2025-06-24,1600-46
16:00,2025-06-25,1100-47
16:00,2025-06-26,1300-48
16:00,2025-06-27,1300-49
16:00,2025-06-29,0800-51
16:00,2025-07-01,1300-53
16:00,2025-07-02,0930-54
16:00,2025-07-03,1100-55
16:00,2025-07-04,1300-56
16:00,2025-07-05,1300-57
16:00,2025-07-06,1600-58
16:00,2025-07-07,0800-59
16:00,2025-07-08,0800-60
16:00,2025-07-09,0930-61
16:00,2025-07-10,1300-62
16:00,2025-07-11,0930-63
16:00,2025-07-12,1100-64
16:00,2025-07-13,1430-65
16:00,2025-07-15,1300-67
16:00,2025-07-16,1600-68
16:00,2025-07-17,1600-69
16:00,2025-07-18,1100-70
16:00,2025-07-19,1100-71
16:00,2025-07-20,1100-72
16:00,2025-07-21,1300-73
16:00,2025-07-22,0930-74
16:00,2025-07-23,0800-75
16:00,2025-07-24,1300-76
16:00,2025-07-26,1100-78
16:00,2025-07-27,1100-79
16:00,2025-07-28,1430-80
16:00,2025-07-31,1100-83
16:00,2025-08-01,1300-84
16:00,2025-08-02,1430-85
16:00,2025-08-03,1600-86
16:00,2025-08-04,1100-87
16:00,2025-08-05,0930-88
16:00,2025-08-06,1600-89
16:00,2025-08-08,1430-91
16:00,2025-08-09,1600-92
16:00,2025-08-10,1430-93
16:00,2025-08-11,0930-94
16:00,2025-08-12,1600-95
16:00,2025-08-13,1430-96
16:00,2025-08-14,1430-97
16:00,2025-08-16,0930-99
16:00,2025-08-17,1600-100
16:00,2025-08-18,1430-101
16:00,2025-08-19,0930-102
16:00,2025-08-20,0800-103
16:00,2025-08-21,0930-104
16:00,2025-08-22,0800-105
16:00,2025-08-23,1300-106
16:00,2025-08-24,1430-107
16:00,2025-08-25,1430-108
16:00,2025-08-26,1600-109
16:00,2025-08-27,0800-110
16:00,2025-08-28,1300-111
16:00,2025-08-29,0930-112
16:00,2025-08-30,1300-113
16:00,2025-08-31,0800-114
16:00,2025-09-01,1300-115
16:00,2025-09-02,0930-116
16:00,2025-09-03,0930-117
16:00,2025-09-04,1100-118
16:00,2025-09-05,1100-119
16:00,2025-09-06,1300-120
16:00,2025-09-07,1430-121
16:00,2025-09-08,1300-122
16:00,2025-09-09,1100-123
16:00,2025-09-10,0800-124
16:00,2025-09-11,1300-125
16:00,2025-09-12,1300-126
16:00,2025-09-13,1100-127
16:00,2025-09-14,1430-128
16:00,2025-09-15,1600-129
16:00,2025-09-16,0930-130
16:00,2025-09-17,1430-131
16:00,2025-09-18,1300-132
16:00,2025-09-19,1600-133
16:00,2025-09-20,1300-134
16:00,2025-09-22,1600-136
16:00,2025-09-23,0800-137
16:00,2025-09-24,1600-138
16:00,2025-09-25,1430-139
16:00,2025-09-26,1100-140
16:00,2025-09-27,1600-141
16:00,2025-09-28,0930-142
16:00,2025-09-29,1600-143
16:00,2025-09-30,1600-144
16:00,2025-10-01,1300-145
16:00,2025-10-02,1600-146
16:00,2025-10-03,1100-147
16:00,2025-10-04,1100-148
16:00,2025-10-05,1300-149
16:00,2025-10-06,1300-150
16:00,2025-10-07,1300-151
16:00,2025-10-09,1600-153
16:00,2025-10-10,0930-154
16:00,2025-10-12,0800-156
16:00,2025-10-13,0800-157
16:00,2025-10-14,1600-158
16:00,2025-10-15,1100-159
16:00,2025-10-16,0930-160
16:00,2025-10-17,1300-161
16:00,2025-10-18,1300-162
16:00,2025-10-19,1430-163
16:00,2025-10-20,1100-164
16:00,2025-10-21,1600-165
16:00,2025-10-22,0930-166
16:00,2025-10-24,1300-168
16:00,2025-10-25,0800-169
16:00,2025-10-26,1300-170
16:00,2025-10-27,0930-171
16:00,2025-10-28,1100-172
16:00,2025-10-30,1100-174
16:00,2025-10-31,1430-175
16:00,2025-11-01,1600-176
16:00,2025-11-02,0930-177
16:00,2025-11-04,1600-179
16:00,2025-11-05,1430-180
16:00,2025-11-06,1600-181
16:00,2025-11-07,1100-182
16:00,2025-11-08,1600-183
16:00,2025-11-09,1300-184
16:00,2025-11-11,0930-186
16:00,2025-11-12,0930-187
16:00,2025-11-13,1300-188
16:00,2025-11-14,1300-189
16:00,2025-11-15,1300-190
16:00,2025-11-16,1100-191
16:00,2025-11-17,1100-192
16:00,2025-11-18,1600-193
16:00,2025-11-19,0930-194
16:00,2025-11-20,1300-195
16:00,2025-11-21,1300-196
16:00,2025-11-22,1100-197
16:00,2025-11-24,0930-199
16:00,2025-11-25,1300-200
16:00,2025-11-26,1100-201
16:00,2025-11-27,1430-202
16:00,2025-11-29,1300-204
16:00,2025-11-30,1430-205
16:00,2025-12-01,1600-206
16:00,2025-12-02,1300-207
16:00,2025-12-03,0930-208
16:00,2025-12-04,0800-209
16:00,2025-12-05,1430-210
16:00,2025-12-06,1100-211
16:00,2025-12-07,0800-212
16:00,2025-12-08,0800-213
16:00,2025-12-09,1100-214
16:00,2025-12-11,1600-216
16:00,2025-12-12,1300-217
16:00,2025-12-13,1430-218
16:00,2025-12-14,1430-219
16:00,2025-12-15,1100-220
16:00,2025-12-16,1600-221
16:00,2025-12-17,1430-222
16:00,2025-12-18,0930-223
16:00,2025-12-19,1100-224
16:00,2025-12-20,1100-225
16:00,2025-12-21,1100-226
16:00,2025-12-22,1100-227
16:00,2025-12-24,0930-229
16:00,2025-12-26,1430-231
16:00,2025-12-28,0930-233
16:00,2025-12-29,0930-234
16:00,2025-12-30,1300-235
16:00,2025-12-31,1600-236
16:00,2026-01-01,1430-237
16:00,2026-01-03,0930-239
16:00,2026-01-05,0930-241
16:00,2026-01-06,1600-242
16:00,2026-01-08,1430-244
16:00,2026-01-11,0930-247
16:00,2026-01-12,0930-248
16:00,2026-01-14,0800-250
16:00,2026-01-15,1430-251
16:00,2026-01-16,1300-252
16:00,2026-01-19,1100-255
16:00,2026-01-20,1430-256
16:00,2026-01-21,1100-257
16:00,2026-01-23,0800-259
16:00,2026-01-24,1600-260
16:00,2026-01-25,1300-261
16:00,2026-01-26,1300-262
16:00,2026-01-27,1600-263
16:00,2026-01-28,1430-264
16:00,2026-01-30,1430-266
16:00,2026-01-31,0930-267

